epoch,loss,val_loss
0,6.437939665464135,5.580545902252197
